"FY","GHG factor"
"11","0.898572"
"12","0.788357"
"13","0.752151"
"14","0.752151"
"15","0.752151"
"16","0.761290"